Workbook

Sheet hdd_projection_factors
A1: region | B1: units | C1: source | D1: steo_2018 | E1: steo_2022 | F1: steo_2022_2018 | G1: source | H1: 2022 | I1: 2023 | J1: 2024 | K1: 2025 | L1: 2026 | M1: 2027 | N1: 2028 | O1: 2029 | P1: 2030 | Q1: 2031 | R1: 2032 | S1: 2033 | T1: 2034 | U1: 2035 | V1: 2036 | W1: 2037 | X1: 2038 | Y1: 2039 | Z1: 2040 | AA1: 2041 | AB1: 2042 | AC1: 2043 | AD1: 2044 | AE1: 2045 | AF1: 2046 | AG1: 2047 | AH1: 2048 | AI1: 2049 | AJ1: 2050
A2: U.S. Average | B2: heating degree days | C2: STEO Aug 2024 Table 9c. U.S. Regional Weather Data | D2: 4291 | E2: 4245 | F2: 0.98927989 | G2: AEO2023: Table 4 Residential Sector Key Indicators and Consumption | H2: =aeo_hdd_projections!$H2/aeo_hdd_projections!$H2 -> 1 | I2: =aeo_hdd_projections!I2/aeo_hdd_projections!$H2 -> 1.0028349 | J2: =aeo_hdd_projections!J2/aeo_hdd_projections!$H2 -> 0.93895363 | K2: =aeo_hdd_projections!K2/aeo_hdd_projections!$H2 -> 0.93448444 | L2: =aeo_hdd_projections!L2/aeo_hdd_projections!$H2 -> 0.93008282 | M2: =aeo_hdd_projections!M2/aeo_hdd_projections!$H2 -> 0.92570703 | N2: =aeo_hdd_projections!N2/aeo_hdd_projections!$H2 -> 0.92127791 | O2: =aeo_hdd_projections!O2/aeo_hdd_projections!$H2 -> 0.91685386 | P2: =aeo_hdd_projections!P2/aeo_hdd_projections!$H2 -> 0.91243512 | ... AJ2: =aeo_hdd_projections!AJ2/aeo_hdd_projections!$H2 -> 0.82550027
A3: East North Central | B3: heating degree days | C3: STEO Aug 2024 Table 9c. U.S. Regional Weather Data | D3: 6434 | E3: 6344 | F3: 0.98601181 | G3: AEO2023: Table 4 Residential Sector Key Indicators and Consumption | H3: =aeo_hdd_projections!$H3/aeo_hdd_projections!$H3 -> 1 | I3: =aeo_hdd_projections!I3/aeo_hdd_projections!$H3 -> 0.98117318 | J3: =aeo_hdd_projections!J3/aeo_hdd_projections!$H3 -> 0.93076085 | K3: =aeo_hdd_projections!K3/aeo_hdd_projections!$H3 -> 0.92842695 | L3: =aeo_hdd_projections!L3/aeo_hdd_projections!$H3 -> 0.92624864 | M3: =aeo_hdd_projections!M3/aeo_hdd_projections!$H3 -> 0.92391473 | N3: =aeo_hdd_projections!N3/aeo_hdd_projections!$H3 -> 0.92158083 | O3: =aeo_hdd_projections!O3/aeo_hdd_projections!$H3 -> 0.91924693 | P3: =aeo_hdd_projections!P3/aeo_hdd_projections!$H3 -> 0.91691302 | ... AJ3: =aeo_hdd_projections!AJ3/aeo_hdd_projections!$H3 -> 0.87085732
A4: East South Central | B4: heating degree days | C4: STEO Aug 2024 Table 9c. U.S. Regional Weather Data | D4: 3479 | E4: 3438 | F4: 0.988215 | G4: AEO2023: Table 4 Residential Sector Key Indicators and Consumption | H4: =aeo_hdd_projections!$H4/aeo_hdd_projections!$H4 -> 1 | I4: =aeo_hdd_projections!I4/aeo_hdd_projections!$H4 -> 0.98709492 | J4: =aeo_hdd_projections!J4/aeo_hdd_projections!$H4 -> 0.9119587 | K4: =aeo_hdd_projections!K4/aeo_hdd_projections!$H4 -> 0.90851735 | L4: =aeo_hdd_projections!L4/aeo_hdd_projections!$H4 -> 0.905076 | M4: =aeo_hdd_projections!M4/aeo_hdd_projections!$H4 -> 0.90163464 | N4: =aeo_hdd_projections!N4/aeo_hdd_projections!$H4 -> 0.89790651 | O4: =aeo_hdd_projections!O4/aeo_hdd_projections!$H4 -> 0.89446516 | P4: =aeo_hdd_projections!P4/aeo_hdd_projections!$H4 -> 0.89073702 | ... AJ4: =aeo_hdd_projections!AJ4/aeo_hdd_projections!$H4 -> 0.81789504
A5: Middle Atlantic | B5: heating degree days | C5: STEO Aug 2024 Table 9c. U.S. Regional Weather Data | D5: 5769 | E5: 5636 | F5: 0.97694574 | G5: AEO2023: Table 4 Residential Sector Key Indicators and Consumption | H5: =aeo_hdd_projections!$H5/aeo_hdd_projections!$H5 -> 1 | I5: =aeo_hdd_projections!I5/aeo_hdd_projections!$H5 -> 1.0064437 | J5: =aeo_hdd_projections!J5/aeo_hdd_projections!$H5 -> 0.93138279 | K5: =aeo_hdd_projections!K5/aeo_hdd_projections!$H5 -> 0.92737722 | L5: =aeo_hdd_projections!L5/aeo_hdd_projections!$H5 -> 0.9235458 | M5: =aeo_hdd_projections!M5/aeo_hdd_projections!$H5 -> 0.91971439 | N5: =aeo_hdd_projections!N5/aeo_hdd_projections!$H5 -> 0.91588297 | O5: =aeo_hdd_projections!O5/aeo_hdd_projections!$H5 -> 0.91187739 | P5: =aeo_hdd_projections!P5/aeo_hdd_projections!$H5 -> 0.90804598 | ... AJ5: =aeo_hdd_projections!AJ5/aeo_hdd_projections!$H5 -> 0.83054685
A6: Mountain | B6: heating degree days | C6: STEO Aug 2024 Table 9c. U.S. Regional Weather Data | D6: 4808 | E6: 5125 | F6: 1.0659318 | G6: AEO2023: Table 4 Residential Sector Key Indicators and Consumption | H6: =aeo_hdd_projections!$H6/aeo_hdd_projections!$H6 -> 1 | I6: =aeo_hdd_projections!I6/aeo_hdd_projections!$H6 -> 1.0016097 | J6: =aeo_hdd_projections!J6/aeo_hdd_projections!$H6 -> 0.96358149 | K6: =aeo_hdd_projections!K6/aeo_hdd_projections!$H6 -> 0.96096579 | L6: =aeo_hdd_projections!L6/aeo_hdd_projections!$H6 -> 0.9583501 | M6: =aeo_hdd_projections!M6/aeo_hdd_projections!$H6 -> 0.95593561 | N6: =aeo_hdd_projections!N6/aeo_hdd_projections!$H6 -> 0.95331992 | O6: =aeo_hdd_projections!O6/aeo_hdd_projections!$H6 -> 0.95070423 | P6: =aeo_hdd_projections!P6/aeo_hdd_projections!$H6 -> 0.94808853 | ... AJ6: =aeo_hdd_projections!AJ6/aeo_hdd_projections!$H6 -> 0.89617706
A7: New England | B7: heating degree days | C7: STEO Aug 2024 Table 9c. U.S. Regional Weather Data | D7: 6323 | E7: 6019 | F7: 0.95192156 | G7: AEO2023: Table 4 Residential Sector Key Indicators and Consumption | H7: =aeo_hdd_projections!$H7/aeo_hdd_projections!$H7 -> 1 | I7: =aeo_hdd_projections!I7/aeo_hdd_projections!$H7 -> 1.035818 | J7: =aeo_hdd_projections!J7/aeo_hdd_projections!$H7 -> 0.96353662 | K7: =aeo_hdd_projections!K7/aeo_hdd_projections!$H7 -> 0.95982575 | L7: =aeo_hdd_projections!L7/aeo_hdd_projections!$H7 -> 0.95595353 | M7: =aeo_hdd_projections!M7/aeo_hdd_projections!$H7 -> 0.95224266 | N7: =aeo_hdd_projections!N7/aeo_hdd_projections!$H7 -> 0.94837044 | O7: =aeo_hdd_projections!O7/aeo_hdd_projections!$H7 -> 0.94449823 | P7: =aeo_hdd_projections!P7/aeo_hdd_projections!$H7 -> 0.94062601 | ... AJ7: =aeo_hdd_projections!AJ7/aeo_hdd_projections!$H7 -> 0.86318167
A8: Pacific | B8: heating degree days | C8: STEO Aug 2024 Table 9c. U.S. Regional Weather Data | D8: 3172 | E8: 3366 | F8: 1.0611602 | G8: AEO2023: Table 4 Residential Sector Key Indicators and Consumption | H8: =aeo_hdd_projections!$H8/aeo_hdd_projections!$H8 -> 1 | I8: =aeo_hdd_projections!I8/aeo_hdd_projections!$H8 -> 1.0905978 | J8: =aeo_hdd_projections!J8/aeo_hdd_projections!$H8 -> 1.0118306 | K8: =aeo_hdd_projections!K8/aeo_hdd_projections!$H8 -> 1.0090286 | L8: =aeo_hdd_projections!L8/aeo_hdd_projections!$H8 -> 1.0062267 | M8: =aeo_hdd_projections!M8/aeo_hdd_projections!$H8 -> 1.0034247 | N8: =aeo_hdd_projections!N8/aeo_hdd_projections!$H8 -> 1.0003113 | O8: =aeo_hdd_projections!O8/aeo_hdd_projections!$H8 -> 0.99750934 | P8: =aeo_hdd_projections!P8/aeo_hdd_projections!$H8 -> 0.99470735 | ... AJ8: =aeo_hdd_projections!AJ8/aeo_hdd_projections!$H8 -> 0.93399751
A9: South Atlantic | B9: heating degree days | C9: STEO Aug 2024 Table 9c. U.S. Regional Weather Data | D9: 2638 | E9: 2523 | F9: 0.95640637 | G9: AEO2023: Table 4 Residential Sector Key Indicators and Consumption | H9: =aeo_hdd_projections!$H9/aeo_hdd_projections!$H9 -> 1 | I9: =aeo_hdd_projections!I9/aeo_hdd_projections!$H9 -> 1.0132502 | J9: =aeo_hdd_projections!J9/aeo_hdd_projections!$H9 -> 0.92556508 | K9: =aeo_hdd_projections!K9/aeo_hdd_projections!$H9 -> 0.91893998 | L9: =aeo_hdd_projections!L9/aeo_hdd_projections!$H9 -> 0.9127046 | M9: =aeo_hdd_projections!M9/aeo_hdd_projections!$H9 -> 0.90646921 | N9: =aeo_hdd_projections!N9/aeo_hdd_projections!$H9 -> 0.90023383 | O9: =aeo_hdd_projections!O9/aeo_hdd_projections!$H9 -> 0.89399844 | P9: =aeo_hdd_projections!P9/aeo_hdd_projections!$H9 -> 0.88737334 | ... AJ9: =aeo_hdd_projections!AJ9/aeo_hdd_projections!$H9 -> 0.76266563
A10: West North Central | B10: heating degree days | C10: STEO Aug 2024 Table 9c. U.S. Regional Weather Data | D10: 6974 | E10: 6905 | F10: 0.99010611 | G10: AEO2023: Table 4 Residential Sector Key Indicators and Consumption | H10: =aeo_hdd_projections!$H10/aeo_hdd_projections!$H10 -> 1 | I10: =aeo_hdd_projections!I10/aeo_hdd_projections!$H10 -> 0.96435354 | J10: =aeo_hdd_projections!J10/aeo_hdd_projections!$H10 -> 0.92753835 | K10: =aeo_hdd_projections!K10/aeo_hdd_projections!$H10 -> 0.92622352 | L10: =aeo_hdd_projections!L10/aeo_hdd_projections!$H10 -> 0.9247626 | M10: =aeo_hdd_projections!M10/aeo_hdd_projections!$H10 -> 0.92344777 | N10: =aeo_hdd_projections!N10/aeo_hdd_projections!$H10 -> 0.92198685 | O10: =aeo_hdd_projections!O10/aeo_hdd_projections!$H10 -> 0.92052593 | P10: =aeo_hdd_projections!P10/aeo_hdd_projections!$H10 -> 0.91906501 | ... AJ10: =aeo_hdd_projections!AJ10/aeo_hdd_projections!$H10 -> 0.88838568
A11: West South Central | B11: heating degree days | C11: STEO Aug 2024 Table 9c. U.S. Regional Weather Data | D11: 2252 | E11: 2200 | F11: 0.97690941 | G11: AEO2023: Table 4 Residential Sector Key Indicators and Consumption | H11: =aeo_hdd_projections!$H11/aeo_hdd_projections!$H11 -> 1 | I11: =aeo_hdd_projections!I11/aeo_hdd_projections!$H11 -> 0.93667426 | J11: =aeo_hdd_projections!J11/aeo_hdd_projections!$H11 -> 0.88473804 | K11: =aeo_hdd_projections!K11/aeo_hdd_projections!$H11 -> 0.88109339 | L11: =aeo_hdd_projections!L11/aeo_hdd_projections!$H11 -> 0.87699317 | M11: =aeo_hdd_projections!M11/aeo_hdd_projections!$H11 -> 0.87289294 | N11: =aeo_hdd_projections!N11/aeo_hdd_projections!$H11 -> 0.86924829 | O11: =aeo_hdd_projections!O11/aeo_hdd_projections!$H11 -> 0.86514806 | P11: =aeo_hdd_projections!P11/aeo_hdd_projections!$H11 -> 0.86150342 | ... AJ11: =aeo_hdd_projections!AJ11/aeo_hdd_projections!$H11 -> 0.78633257

Sheet aeo_hdd_projections
A1: region | B1: units | C1: source | D1: steo_2018 | E1: steo_2022 | F1: steo_2022_2018 | G1: source | H1: 2022 | I1: 2023 | J1: 2024 | K1: 2025 | L1: 2026 | M1: 2027 | N1: 2028 | O1: 2029 | P1: 2030 | Q1: 2031 | R1: 2032 | S1: 2033 | T1: 2034 | U1: 2035 | V1: 2036 | W1: 2037 | X1: 2038 | Y1: 2039 | Z1: 2040 | AA1: 2041 | AB1: 2042 | AC1: 2043 | AD1: 2044 | AE1: 2045 | AF1: 2046 | AG1: 2047 | AH1: 2048 | AI1: 2049 | AJ1: 2050
A2: U.S. Average | B2: heating degree days | C2: STEO Aug 2024 Table 9c. U.S. Regional Weather Data | D2: 4291 | E2: 4245 | F2: =E2/D2 -> 0.98927989 | G2: AEO2023: Table 4 Residential Sector Key Indicators and Consumption | H2: 4234.6138 | I2: 4246.6187 | J2: 3976.106 | K2: 3957.1807 | L2: 3938.5415 | M2: 3920.0117 | N2: 3901.2561 | O2: 3882.522 | P2: 3863.8103 | Q2: 3845.189 | R2: 3826.6262 | S2: 3807.9734 | T2: 3789.4521 | U2: 3770.8213 | V2: 3752.033 | W2: 3733.78 | X2: 3715.3057 | Y2: 3696.5273 | Z2: 3678.1174 | AA2: 3659.8506 | AB2: 3641.3955 | AC2: 3622.8992 | AD2: 3604.3987 | AE2: 3585.9695 | AF2: 3567.7004 | AG2: 3549.5581 | AH2: 3531.4092 | AI2: 3513.4824 | AJ2: 3495.6748
A3: East North Central | B3: heating degree days | C3: STEO Aug 2024 Table 9c. U.S. Regional Weather Data | D3: 6434 | E3: 6344 | F3: =E3/D3 -> 0.98601181 | G3: AEO2023: Table 4 Residential Sector Key Indicators and Consumption | H3: 6427 | I3: 6306 | J3: 5982 | K3: 5967 | L3: 5953 | M3: 5938 | N3: 5923 | O3: 5908 | P3: 5893 | Q3: 5879 | R3: 5864 | S3: 5849 | T3: 5834 | U3: 5819 | V3: 5804 | W3: 5790 | X3: 5775 | Y3: 5760 | Z3: 5745 | AA3: 5730 | AB3: 5715 | AC3: 5701 | AD3: 5686 | AE3: 5671 | AF3: 5656 | AG3: 5641 | AH3: 5626 | AI3: 5611 | AJ3: 5597
A4: East South Central | B4: heating degree days | C4: STEO Aug 2024 Table 9c. U.S. Regional Weather Data | D4: 3479 | E4: 3438 | F4: =E4/D4 -> 0.988215 | G4: AEO2023: Table 4 Residential Sector Key Indicators and Consumption | H4: 3487 | I4: 3442 | J4: 3180 | K4: 3168 | L4: 3156 | M4: 3144 | N4: 3131 | O4: 3119 | P4: 3106 | Q4: 3094 | R4: 3081 | S4: 3069 | T4: 3056 | U4: 3043 | V4: 3031 | W4: 3018 | X4: 3005 | Y4: 2992 | Z4: 2980 | AA4: 2967 | AB4: 2954 | AC4: 2941 | AD4: 2929 | AE4: 2916 | AF4: 2903 | AG4: 2890 | AH4: 2877 | AI4: 2865 | AJ4: 2852
A5: Middle Atlantic | B5: heating degree days | C5: STEO Aug 2024 Table 9c. U.S. Regional Weather Data | D5: 5769 | E5: 5636 | F5: =E5/D5 -> 0.97694574 | G5: AEO2023: Table 4 Residential Sector Key Indicators and Consumption | H5: 5742 | I5: 5779 | J5: 5348 | K5: 5325 | L5: 5303 | M5: 5281 | N5: 5259 | O5: 5236 | P5: 5214 | Q5: 5192 | R5: 5169 | S5: 5147 | T5: 5125 | U5: 5102 | V5: 5080 | W5: 5058 | X5: 5036 | Y5: 5013 | Z5: 4991 | AA5: 4969 | AB5: 4947 | AC5: 4924 | AD5: 4902 | AE5: 4880 | AF5: 4858 | AG5: 4835 | AH5: 4813 | AI5: 4791 | AJ5: 4769
A6: Mountain | B6: heating degree days | C6: STEO Aug 2024 Table 9c. U.S. Regional Weather Data | D6: 4808 | E6: 5125 | F6: =E6/D6 -> 1.0659318 | G6: AEO2023: Table 4 Residential Sector Key Indicators and Consumption | H6: 4970 | I6: 4978 | J6: 4789 | K6: 4776 | L6: 4763 | M6: 4751 | N6: 4738 | O6: 4725 | P6: 4712 | Q6: 4698 | R6: 4685 | S6: 4672 | T6: 4658 | U6: 4645 | V6: 4632 | W6: 4619 | X6: 4606 | Y6: 4593 | Z6: 4580 | AA6: 4568 | AB6: 4555 | AC6: 4542 | AD6: 4530 | AE6: 4517 | AF6: 4504 | AG6: 4492 | AH6: 4479 | AI6: 4467 | AJ6: 4454
A7: New England | B7: heating degree days | C7: STEO Aug 2024 Table 9c. U.S. Regional Weather Data | D7: 6323 | E7: 6019 | F7: =E7/D7 -> 0.95192156 | G7: AEO2023: Table 4 Residential Sector Key Indicators and Consumption | H7: 6198 | I7: 6420 | J7: 5972 | K7: 5949 | L7: 5925 | M7: 5902 | N7: 5878 | O7: 5854 | P7: 5830 | Q7: 5807 | R7: 5783 | S7: 5759 | T7: 5735 | U7: 5711 | V7: 5687 | W7: 5663 | X7: 5639 | Y7: 5615 | Z7: 5591 | AA7: 5567 | AB7: 5543 | AC7: 5519 | AD7: 5495 | AE7: 5471 | AF7: 5447 | AG7: 5423 | AH7: 5399 | AI7: 5374 | AJ7: 5350
A8: Pacific | B8: heating degree days | C8: STEO Aug 2024 Table 9c. U.S. Regional Weather Data | D8: 3172 | E8: 3366 | F8: =E8/D8 -> 1.0611602 | G8: AEO2023: Table 4 Residential Sector Key Indicators and Consumption | H8: 3212 | I8: 3503 | J8: 3250 | K8: 3241 | L8: 3232 | M8: 3223 | N8: 3213 | O8: 3204 | P8: 3195 | Q8: 3185 | R8: 3176 | S8: 3166 | T8: 3157 | U8: 3147 | V8: 3137 | W8: 3128 | X8: 3118 | Y8: 3108 | Z8: 3098 | AA8: 3089 | AB8: 3079 | AC8: 3069 | AD8: 3059 | AE8: 3049 | AF8: 3040 | AG8: 3030 | AH8: 3020 | AI8: 3010 | AJ8: 3000
A9: South Atlantic | B9: heating degree days | C9: STEO Aug 2024 Table 9c. U.S. Regional Weather Data | D9: 2638 | E9: 2523 | F9: =E9/D9 -> 0.95640637 | G9: AEO2023: Table 4 Residential Sector Key Indicators and Consumption | H9: 2566 | I9: 2600 | J9: 2375 | K9: 2358 | L9: 2342 | M9: 2326 | N9: 2310 | O9: 2294 | P9: 2277 | Q9: 2261 | R9: 2245 | S9: 2229 | T9: 2213 | U9: 2197 | V9: 2180 | W9: 2164 | X9: 2148 | Y9: 2132 | Z9: 2116 | AA9: 2100 | AB9: 2084 | AC9: 2068 | AD9: 2052 | AE9: 2036 | AF9: 2020 | AG9: 2005 | AH9: 1989 | AI9: 1973 | AJ9: 1957
A10: West North Central | B10: heating degree days | C10: STEO Aug 2024 Table 9c. U.S. Regional Weather Data | D10: 6974 | E10: 6905 | F10: =E10/D10 -> 0.99010611 | G10: AEO2023: Table 4 Residential Sector Key Indicators and Consumption | H10: 6845 | I10: 6601 | J10: 6349 | K10: 6340 | L10: 6330 | M10: 6321 | N10: 6311 | O10: 6301 | P10: 6291 | Q10: 6281 | R10: 6271 | S10: 6261 | T10: 6250 | U10: 6240 | V10: 6230 | W10: 6219 | X10: 6209 | Y10: 6198 | Z10: 6188 | AA10: 6177 | AB10: 6167 | AC10: 6156 | AD10: 6145 | AE10: 6135 | AF10: 6124 | AG10: 6113 | AH10: 6103 | AI10: 6092 | AJ10: 6081
A11: West South Central | B11: heating degree days | C11: STEO Aug 2024 Table 9c. U.S. Regional Weather Data | D11: 2252 | E11: 2200 | F11: =E11/D11 -> 0.97690941 | G11: AEO2023: Table 4 Residential Sector Key Indicators and Consumption | H11: 2195 | I11: 2056 | J11: 1942 | K11: 1934 | L11: 1925 | M11: 1916 | N11: 1908 | O11: 1899 | P11: 1891 | Q11: 1882 | R11: 1874 | S11: 1865 | T11: 1857 | U11: 1849 | V11: 1840 | W11: 1832 | X11: 1824 | Y11: 1815 | Z11: 1807 | AA11: 1799 | AB11: 1791 | AC11: 1783 | AD11: 1774 | AE11: 1766 | AF11: 1758 | AG11: 1750 | AH11: 1742 | AI11: 1734 | AJ11: 1726
