Workbook

Sheet proc_Cambium21_coal_gea
A1: data_source | B1: scenario | C1: gea_region | D1: year | E1: coal_MWh
A2: Cambium_2021 | B2: MidCase | C2: =StdScen21_MidCase_annual_gea!A6 -> AZNMc | D2: =StdScen21_MidCase_annual_gea!B6 -> 2022 | E2: =StdScen21_MidCase_annual_gea!BZ6 -> 32912356
A3: Cambium_2021 | B3: MidCase | C3: =StdScen21_MidCase_annual_gea!A7 -> AZNMc | D3: =StdScen21_MidCase_annual_gea!B7 -> 2024 | E3: =StdScen21_MidCase_annual_gea!BZ7 -> 27460646
A4: Cambium_2021 | B4: MidCase | C4: =StdScen21_MidCase_annual_gea!A8 -> AZNMc | D4: =StdScen21_MidCase_annual_gea!B8 -> 2026 | E4: =StdScen21_MidCase_annual_gea!BZ8 -> 26772840
A5: Cambium_2021 | B5: MidCase | C5: =StdScen21_MidCase_annual_gea!A9 -> AZNMc | D5: =StdScen21_MidCase_annual_gea!B9 -> 2028 | E5: =StdScen21_MidCase_annual_gea!BZ9 -> 26693880
A6: Cambium_2021 | B6: MidCase | C6: =StdScen21_MidCase_annual_gea!A10 -> AZNMc | D6: =StdScen21_MidCase_annual_gea!B10 -> 2030 | E6: =StdScen21_MidCase_annual_gea!BZ10 -> 24898662
A7: Cambium_2021 | B7: MidCase | C7: =StdScen21_MidCase_annual_gea!A11 -> AZNMc | D7: =StdScen21_MidCase_annual_gea!B11 -> 2032 | E7: =StdScen21_MidCase_annual_gea!BZ11 -> 3124446.2
A8: Cambium_2021 | B8: MidCase | C8: =StdScen21_MidCase_annual_gea!A12 -> AZNMc | D8: =StdScen21_MidCase_annual_gea!B12 -> 2034 | E8: =StdScen21_MidCase_annual_gea!BZ12 -> 3222318.5
A9: Cambium_2021 | B9: MidCase | C9: =StdScen21_MidCase_annual_gea!A13 -> AZNMc | D9: =StdScen21_MidCase_annual_gea!B13 -> 2036 | E9: =StdScen21_MidCase_annual_gea!BZ13 -> 3232877.5
A10: Cambium_2021 | B10: MidCase | C10: =StdScen21_MidCase_annual_gea!A14 -> AZNMc | D10: =StdScen21_MidCase_annual_gea!B14 -> 2038 | E10: =StdScen21_MidCase_annual_gea!BZ14 -> 3080689
A11: Cambium_2021 | B11: MidCase | C11: =StdScen21_MidCase_annual_gea!A15 -> AZNMc | D11: =StdScen21_MidCase_annual_gea!B15 -> 2040 | E11: =StdScen21_MidCase_annual_gea!BZ15 -> 2992300
A12: Cambium_2021 | B12: MidCase | C12: =StdScen21_MidCase_annual_gea!A16 -> AZNMc | D12: =StdScen21_MidCase_annual_gea!B16 -> 2042 | E12: =StdScen21_MidCase_annual_gea!BZ16 -> 3001166.2
A13: Cambium_2021 | B13: MidCase | C13: =StdScen21_MidCase_annual_gea!A17 -> AZNMc | D13: =StdScen21_MidCase_annual_gea!B17 -> 2044 | E13: =StdScen21_MidCase_annual_gea!BZ17 -> 2969367.5
... A301: Cambium_2021 | B301: MidCase | C301: =StdScen21_MidCase_annual_gea!A305 -> SRVCc | D301: =StdScen21_MidCase_annual_gea!B305 -> 2050 | E301: =StdScen21_MidCase_annual_gea!BZ305 -> 14777366

Sheet proc_Cambium21_MidCase_gea
A1: dataset | B1: scenario | C1: gea_region | D1: year | E1: cef_gen | F1: aer_co2e_kg_per_MWh | G1: lrmer_co2e_kg_per_MWh | H1: srmer_co2e_kg_per_MWh | I1: generation | J1: variable_generation | K1: nuclear_MWh | L1: coal_MWh | M1: coal-ccs_MWh | N1: o-g-s_MWh | O1: gas-cc_MWh | P1: gas-cc-ccs_MWh | Q1: gas-ct_MWh | R1: hydro_MWh | S1: geothermal_MWh | T1: biomass_MWh | U1: beccs_MWh | V1: wind-ons_MWh | W1: wind-ofs_MWh | X1: csp_MWh | Y1: upv_MWh | Z1: distpv_MWh | AA1: phs_MWh | AB1: battery_MWh | AC1: canada_MWh | AD1: total_generation | AE1: canada_generation | AF1: biomass | AG1: total_generation_adjusted | AH1: total_coal | AI1: total_natural_gas | AJ1: total_oil | AK1: total_nuclear | AL1: total_renewable | AM1: fraction_coal | AN1: fraction_natural_gas | AO1: fraction_oil | AP1: fraction_nuclear | AQ1: fraction_renewable
A2: Cambium_2021 | B2: MidCase | C2: AZNMc | D2: 2022 | E2: NaN | F2: 423.2 | G2: 525.6 | H2: 811.8 | I2: 143037980 | J2: 27345228 | K2: 31446266 | L2: 32912356 | M2: 0 | N2: 29364 | O2: 40118030 | P2: 0 | Q2: 273084.7 | R2: 9069476 | S2: 64024.1 | T2: 589478.8 | U2: 0 | V2: 5703750.5 | W2: 0 | X2: 16353.9 | Y2: 18049950 | Z2: 3575172.8 | AA2: 153923.2 | AB2: 1036754 | AC2: 0 | AD2: =I2 -> 143037980 | AE2: =AC2 -> 0 | AF2: =SUM(T2,U2) -> 589478.8 | AG2: =AD2-AE2-AF2 -> 1.424485e+08 | AH2: =L2 -> 32912356 | AI2: =SUM(O2,P2,Q2) -> 40391115 | AJ2: =N2 -> 29364 | AK2: =K2 -> 31446266 | AL2: =SUM(R2,S2,V2,W2,X2,Y2,Z2,AA2,AB2) -> 37669404 | AM2: =AH2/AG2 -> 0.2310474 | AN2: =AI2/AG2 -> 0.28354889 | AO2: =AJ2/AG2 -> 0.00020613766 | AP2: =AK2/AG2 -> 0.22075533 | AQ2: =AL2/AG2 -> 0.26444227
A3: Cambium_2021 | B3: MidCase | C3: AZNMc | D3: 2024 | E3: NaN | F3: 389.5 | G3: 488.4 | H3: 808.4 | I3: 151806820 | J3: 29423460 | K3: 31446266 | L3: 27460646 | M3: 0 | N3: 14086.3 | O3: 51872436 | P3: 0 | Q3: 349355.8 | R3: 9065539 | S3: 64035.3 | T3: 589478.8 | U3: 0 | V3: 5715414 | W3: 0 | X3: 16398.4 | Y3: 19795988 | Z3: 3895658 | AA3: 144013.3 | AB3: 1377501.2 | AC3: 0 | AD3: =I3 -> 151806820 | AE3: =AC3 -> 0 | AF3: =SUM(T3,U3) -> 589478.8 | AG3: =AD3-AE3-AF3 -> 1.5121734e+08 | AH3: =L3 -> 27460646 | AI3: =SUM(O3,P3,Q3) -> 52221792 | AJ3: =N3 -> 14086.3 | AK3: =K3 -> 31446266 | AL3: =SUM(R3,S3,V3,W3,X3,Y3,Z3,AA3,AB3) -> 40074547 | AM3: =AH3/AG3 -> 0.1815972 | AN3: =AI3/AG3 -> 0.34534261 | AO3: =AJ3/AG3 -> 9.3152676e-05 | AP3: =AK3/AG3 -> 0.2079541 | AQ3: =AL3/AG3 -> 0.26501291
A4: Cambium_2021 | B4: MidCase | C4: AZNMc | D4: 2026 | E4: NaN | F4: 374.7 | G4: 423.1 | H4: 816 | I4: 154638340 | J4: 29648762 | K4: 31446266 | L4: 26772840 | M4: 0 | N4: 8814.2 | O4: 53576132 | P4: 0 | Q4: 256914.4 | R4: 10647589 | S4: 64032.1 | T4: 587047.5 | U4: 0 | V4: 5684591 | W4: 0 | X4: 16331.6 | Y4: 19519816 | Z4: 4428022.5 | AA4: 188513.1 | AB4: 1441431.9 | AC4: 0 | AD4: =I4 -> 154638340 | AE4: =AC4 -> 0 | AF4: =SUM(T4,U4) -> 587047.5 | AG4: =AD4-AE4-AF4 -> 1.5405129e+08 | AH4: =L4 -> 26772840 | AI4: =SUM(O4,P4,Q4) -> 53833046 | AJ4: =N4 -> 8814.2 | AK4: =K4 -> 31446266 | AL4: =SUM(R4,S4,V4,W4,X4,Y4,Z4,AA4,AB4) -> 41990327 | AM4: =AH4/AG4 -> 0.17379173 | AN4: =AI4/AG4 -> 0.34944885 | AO4: =AJ4/AG4 -> 5.7216008e-05 | AP4: =AK4/AG4 -> 0.20412854 | AQ4: =AL4/AG4 -> 0.27257368
A5: Cambium_2021 | B5: MidCase | C5: AZNMc | D5: 2028 | E5: NaN | F5: 364.8 | G5: 315.8 | H5: 784.7 | I5: 159426910 | J5: 32619604 | K5: 31446266 | L5: 26693880 | M5: 0 | N5: 10161.3 | O5: 55334880 | P5: 0 | Q5: 254666.7 | R5: 10623686 | S5: 64024.3 | T5: 585685 | U5: 0 | V5: 8144944 | W5: 0 | X5: 16408.8 | Y5: 19247496 | Z5: 5210756 | AA5: 221265.8 | AB5: 1572784.6 | AC5: 0 | AD5: =I5 -> 159426910 | AE5: =AC5 -> 0 | AF5: =SUM(T5,U5) -> 585685 | AG5: =AD5-AE5-AF5 -> 158841225 | AH5: =L5 -> 26693880 | AI5: =SUM(O5,P5,Q5) -> 55589547 | AJ5: =N5 -> 10161.3 | AK5: =K5 -> 31446266 | AL5: =SUM(R5,S5,V5,W5,X5,Y5,Z5,AA5,AB5) -> 45101366 | AM5: =AH5/AG5 -> 0.16805385 | AN5: =AI5/AG5 -> 0.34996926 | AO5: =AJ5/AG5 -> 6.3971428e-05 | AP5: =AK5/AG5 -> 0.19797295 | AQ5: =AL5/AG5 -> 0.28393992
A6: Cambium_2021 | B6: MidCase | C6: AZNMc | D6: 2030 | E6: NaN | F6: 315.8 | G6: 313.6 | H6: 749.8 | I6: 175350740 | J6: 50951904 | K6: 31446266 | L6: 24898662 | M6: 0 | N6: 13228.5 | O6: 53809160 | P6: 0 | Q6: 312913.2 | R6: 10473232 | S6: 64024.3 | T6: 576082.2 | U6: 0 | V6: 9324061 | W6: 0 | X6: 16453.6 | Y6: 35506100 | Z6: 6105289 | AA6: 340679.5 | AB6: 2464595.8 | AC6: 0 | AD6: =I6 -> 175350740 | AE6: =AC6 -> 0 | AF6: =SUM(T6,U6) -> 576082.2 | AG6: =AD6-AE6-AF6 -> 1.7477466e+08 | AH6: =L6 -> 24898662 | AI6: =SUM(O6,P6,Q6) -> 54122073 | AJ6: =N6 -> 13228.5 | AK6: =K6 -> 31446266 | AL6: =SUM(R6,S6,V6,W6,X6,Y6,Z6,AA6,AB6) -> 64294435 | AM6: =AH6/AG6 -> 0.14246151 | AN6: =AI6/AG6 -> 0.30966774 | AO6: =AJ6/AG6 -> 7.5688891e-05 | AP6: =AK6/AG6 -> 0.17992463 | AQ6: =AL6/AG6 -> 0.36787047
A7: Cambium_2021 | B7: MidCase | C7: AZNMc | D7: 2032 | E7: NaN | F7: 217.8 | G7: 278.5 | H7: 726.5 | I7: 171926610 | J7: 51305304 | K7: 31446266 | L7: 3124446.2 | M7: 0 | N7: 6715.9 | O7: 69384440 | P7: 0 | Q7: 258384.6 | R7: 10531906 | S7: 64013.4 | T7: 579893.3 | U7: 0 | V7: 9273381 | W7: 0 | X7: 16496.9 | Y7: 35152188 | Z7: 6863241 | AA7: 330238.3 | AB7: 4894993.5 | AC7: 0 | AD7: =I7 -> 171926610 | AE7: =AC7 -> 0 | AF7: =SUM(T7,U7) -> 579893.3 | AG7: =AD7-AE7-AF7 -> 1.7134672e+08 | AH7: =L7 -> 3124446.2 | AI7: =SUM(O7,P7,Q7) -> 69642825 | AJ7: =N7 -> 6715.9 | AK7: =K7 -> 31446266 | AL7: =SUM(R7,S7,V7,W7,X7,Y7,Z7,AA7,AB7) -> 67126458 | AM7: =AH7/AG7 -> 0.018234643 | AN7: =AI7/AG7 -> 0.40644388 | AO7: =AJ7/AG7 -> 3.9194798e-05 | AP7: =AK7/AG7 -> 0.18352418 | AQ7: =AL7/AG7 -> 0.39175806
A8: Cambium_2021 | B8: MidCase | C8: AZNMc | D8: 2034 | E8: NaN | F8: 218.6 | G8: 321.4 | H8: 734.6 | I8: 174187600 | J8: 51373330 | K8: 31446266 | L8: 3222318.5 | M8: 0 | N8: 6538.8 | O8: 71193030 | P8: 0 | Q8: 279161.5 | R8: 10506470 | S8: 64006.1 | T8: 577929.4 | U8: 0 | V8: 9222883 | W8: 0 | X8: 16382.8 | Y8: 34829070 | Z8: 7304989 | AA8: 546204.4 | AB8: 4972340 | AC8: 0 | AD8: =I8 -> 174187600 | AE8: =AC8 -> 0 | AF8: =SUM(T8,U8) -> 577929.4 | AG8: =AD8-AE8-AF8 -> 1.7360967e+08 | AH8: =L8 -> 3222318.5 | AI8: =SUM(O8,P8,Q8) -> 71472192 | AJ8: =N8 -> 6538.8 | AK8: =K8 -> 31446266 | AL8: =SUM(R8,S8,V8,W8,X8,Y8,Z8,AA8,AB8) -> 67462345 | AM8: =AH8/AG8 -> 0.018560709 | AN8: =AI8/AG8 -> 0.41168324 | AO8: =AJ8/AG8 -> 3.7663801e-05 | AP8: =AK8/AG8 -> 0.181132 | AQ8: =AL8/AG8 -> 0.38858633
A9: Cambium_2021 | B9: MidCase | C9: AZNMc | D9: 2036 | E9: NaN | F9: 215.9 | G9: 266.1 | H9: 702 | I9: 176126130 | J9: 52480012 | K9: 31446266 | L9: 3232877.5 | M9: 0 | N9: 2398.6 | O9: 71135330 | P9: 0 | Q9: 235560.8 | R9: 10507947 | S9: 64020.7 | T9: 578728.5 | U9: 0 | V9: 9699765 | W9: 0 | X9: 16315.2 | Y9: 35079760 | Z9: 7684170.5 | AA9: 876954.1 | AB9: 5566029.5 | AC9: 0 | AD9: =I9 -> 176126130 | AE9: =AC9 -> 0 | AF9: =SUM(T9,U9) -> 578728.5 | AG9: =AD9-AE9-AF9 -> 1.755474e+08 | AH9: =L9 -> 3232877.5 | AI9: =SUM(O9,P9,Q9) -> 71370891 | AJ9: =N9 -> 2398.6 | AK9: =K9 -> 31446266 | AL9: =SUM(R9,S9,V9,W9,X9,Y9,Z9,AA9,AB9) -> 69494962 | AM9: =AH9/AG9 -> 0.01841598 | AN9: =AI9/AG9 -> 0.40656193 | AO9: =AJ9/AG9 -> 1.3663546e-05 | AP9: =AK9/AG9 -> 0.17913262 | AQ9: =AL9/AG9 -> 0.39587577
A10: Cambium_2021 | B10: MidCase | C10: AZNMc | D10: 2038 | E10: NaN | F10: 199.6 | G10: 272.4 | H10: 681.1 | I10: 186501740 | J10: 59069496 | K10: 31446266 | L10: 3080689 | M10: 0 | N10: 2024.2 | O10: 70595150 | P10: 0 | Q10: 168596.8 | R10: 10518199 | S10: 64009.8 | T10: 581427 | U10: 0 | V10: 10525525 | W10: 0 | X10: 16394.4 | Y10: 40547964 | Z10: 7979610.5 | AA10: 844912.8 | AB10: 10130967 | AC10: 0 | AD10: =I10 -> 186501740 | AE10: =AC10 -> 0 | AF10: =SUM(T10,U10) -> 581427 | AG10: =AD10-AE10-AF10 -> 185920313 | AH10: =L10 -> 3080689 | AI10: =SUM(O10,P10,Q10) -> 70763747 | AJ10: =N10 -> 2024.2 | AK10: =K10 -> 31446266 | AL10: =SUM(R10,S10,V10,W10,X10,Y10,Z10,AA10,AB10) -> 80627582 | AM10: =AH10/AG10 -> 0.016569943 | AN10: =AI10/AG10 -> 0.38061332 | AO10: =AJ10/AG10 -> 1.088746e-05 | AP10: =AK10/AG10 -> 0.16913841 | AQ10: =AL10/AG10 -> 0.43366742
A11: Cambium_2021 | B11: MidCase | C11: AZNMc | D11: 2040 | E11: NaN | F11: 193.9 | G11: 232.6 | H11: 673.5 | I11: 189740960 | J11: 61391030 | K11: 31446266 | L11: 2992300 | M11: 0 | N11: 1328.6 | O11: 69951750 | P11: 0 | Q11: 107456.2 | R11: 10531520 | S11: 64035.3 | T11: 580743.2 | U11: 0 | V11: 11478735 | W11: 0 | X11: 16462.8 | Y11: 41644628 | Z11: 8251209 | AA11: 1036050.8 | AB11: 11638482 | AC11: 0 | AD11: =I11 -> 189740960 | AE11: =AC11 -> 0 | AF11: =SUM(T11,U11) -> 580743.2 | AG11: =AD11-AE11-AF11 -> 1.8916022e+08 | AH11: =L11 -> 2992300 | AI11: =SUM(O11,P11,Q11) -> 70059206 | AJ11: =N11 -> 1328.6 | AK11: =K11 -> 31446266 | AL11: =SUM(R11,S11,V11,W11,X11,Y11,Z11,AA11,AB11) -> 84661123 | AM11: =AH11/AG11 -> 0.015818865 | AN11: =AI11/AG11 -> 0.37036967 | AO11: =AJ11/AG11 -> 7.0236756e-06 | AP11: =AK11/AG11 -> 0.16624144 | AQ11: =AL11/AG11 -> 0.44756305
A12: Cambium_2021 | B12: MidCase | C12: AZNMc | D12: 2042 | E12: NaN | F12: 194.1 | G12: 211.7 | H12: 675.9 | I12: 191520370 | J12: 62067028 | K12: 31446266 | L12: 3001166.2 | M12: 0 | N12: 786.9 | O12: 70774310 | P12: 0 | Q12: 70778.4 | R12: 10560278 | S12: 64031.6 | T12: 581546.2 | U12: 0 | V12: 13669846 | W12: 0 | X12: 4087.4 | Y12: 39913736 | Z12: 8479360 | AA12: 941477.2 | AB12: 12012694 | AC12: 0 | AD12: =I12 -> 191520370 | AE12: =AC12 -> 0 | AF12: =SUM(T12,U12) -> 581546.2 | AG12: =AD12-AE12-AF12 -> 1.9093882e+08 | AH12: =L12 -> 3001166.2 | AI12: =SUM(O12,P12,Q12) -> 70845088 | AJ12: =N12 -> 786.9 | AK12: =K12 -> 31446266 | AL12: =SUM(R12,S12,V12,W12,X12,Y12,Z12,AA12,AB12) -> 85645510 | AM12: =AH12/AG12 -> 0.015717946 | AN12: =AI12/AG12 -> 0.37103553 | AO12: =AJ12/AG12 -> 4.1212153e-06 | AP12: =AK12/AG12 -> 0.16469289 | AQ12: =AL12/AG12 -> 0.44854948
A13: Cambium_2021 | B13: MidCase | C13: AZNMc | D13: 2044 | E13: NaN | F13: 177.2 | G13: 176.5 | H13: 665.8 | I13: 195567060 | J13: 70044020 | K13: 31446266 | L13: 2969367.5 | M13: 0 | N13: 372.2 | O13: 65506452 | P13: 0 | Q13: 34600.7 | R13: 10572940 | S13: 52122.2 | T13: 580385.8 | U13: 0 | V13: 16574269 | W13: 0 | X13: 0 | Y13: 44803720 | Z13: 8666030 | AA13: 1037590 | AB13: 13322934 | AC13: 0 | AD13: =I13 -> 195567060 | AE13: =AC13 -> 0 | AF13: =SUM(T13,U13) -> 580385.8 | AG13: =AD13-AE13-AF13 -> 1.9498667e+08 | AH13: =L13 -> 2969367.5 | AI13: =SUM(O13,P13,Q13) -> 65541053 | AJ13: =N13 -> 372.2 | AK13: =K13 -> 31446266 | AL13: =SUM(R13,S13,V13,W13,X13,Y13,Z13,AA13,AB13) -> 95029605 | AM13: =AH13/AG13 -> 0.015228566 | AN13: =AI13/AG13 -> 0.33613093 | AO13: =AJ13/AG13 -> 1.9088484e-06 | AP13: =AK13/AG13 -> 0.16127392 | AQ13: =AL13/AG13 -> 0.48736461
... A301: Cambium_2021 | B301: MidCase | C301: SRVCc | D301: 2050 | E301: NaN | F301: 169.3 | G301: 306.7 | H301: 718.3 | I301: 466444480 | J301: 154687700 | K301: 122300980 | L301: 14777366 | M301: 0 | N301: 9.9 | O301: 133875600 | P301: 0 | Q301: 509500.3 | R301: 7072461 | S301: 0 | T301: 1262359.6 | U301: 0 | V301: 26084540 | W301: 10081297 | X301: 0 | Y301: 98073370 | Z301: 20448490 | AA301: 3956685.2 | AB301: 28001818 | AC301: 0 | AD301: =I301 -> 466444480 | AE301: =AC301 -> 0 | AF301: =SUM(T301,U301) -> 1262359.6 | AG301: =AD301-AE301-AF301 -> 4.6518212e+08 | AH301: =L301 -> 14777366 | AI301: =SUM(O301,P301,Q301) -> 1.343851e+08 | AJ301: =N301 -> 9.9 | AK301: =K301 -> 122300980 | AL301: =SUM(R301,S301,V301,W301,X301,Y301,Z301,AA301,AB301) -> 1.9371866e+08 | AM301: =AH301/AG301 -> 0.03176684 | AN301: =AI301/AG301 -> 0.28888707 | AO301: =AJ301/AG301 -> 2.1281987e-08 | AP301: =AK301/AG301 -> 0.26290989 | AQ301: =AL301/AG301 -> 0.41643617

Sheet StdScen21_MidCase_annual_gea
A1: Project | B1: Scenario | C1: Dollar_year | D1: Weather_year | E1: Start_day | F1: country
A2: Standard_scenarios_2021 | B2: MidCase | C2: 2020$ | D2: 2012 | E2: Sunday | F2: usa
A3: Geography | B3: Time | C3: Load | D3: Load | E3: Load | F3: Load | G3: Load | H3: Load | I3: Load | J3: Load | K3: Load | L3: Operational | M3: Operational | N3: Operational | O3: Operational | P3: Operational | Q3: Emissions | R3: Emissions | S3: Emissions | T3: Emissions | U3: Emissions | V3: Emissions | W3: Emissions | X3: Emissions | Y3: Emissions | Z3: Emissions | AA3: Emissions | AB3: Emissions | AC3: Emissions | AD3: Emissions | AE3: Emissions | AF3: Emissions | AG3: Emissions | AH3: Emissions | AI3: Emissions | AJ3: Emissions | AK3: Emissions | AL3: Emissions | AM3: Emissions | AN3: Emissions | AO3: Emissions | AP3: Emissions | AQ3: Emissions | AR3: Emissions | AS3: Emissions | AT3: Emissions | AU3: Emissions | AV3: Emissions | AW3: Emissions | AX3: Emissions | AY3: Emissions | AZ3: Emissions | BA3: Emissions | BB3: Emissions | BC3: Emissions | BD3: Emissions | BE3: Emissions | BF3: Emissions | BG3: Emissions | BH3: Emissions | BI3: Emissions | BJ3: Emissions | BK3: Emissions | BL3: Emissions | BM3: Emissions | BN3: Emissions | BO3: Busbar costs | BP3: Busbar costs | BQ3: Busbar costs | BR3: Busbar costs | BS3: End use cost | BT3: End use cost | BU3: End use cost | BV3: End use cost | BW3: Generation | BX3: Generation | BY3: Generation | BZ3: Generation | CA3: Generation | CB3: Generation | CC3: Generation | CD3: Generation | CE3: Generation | CF3: Generation | CG3: Generation | CH3: Generation | CI3: Generation | CJ3: Generation | CK3: Generation | CL3: Generation | CM3: Generation | CN3: Generation | CO3: Generation | CP3: Generation | CQ3: Generation | CR3: Capacity | CS3: Capacity | CT3: Capacity | CU3: Capacity | CV3: Capacity | CW3: Capacity | CX3: Capacity | CY3: Capacity | CZ3: Capacity | DA3: Capacity | DB3: Capacity | DC3: Capacity | DD3: Capacity | DE3: Capacity | DF3: Capacity | DG3: Capacity | DH3: Capacity | DI3: Capacity | DJ3: Capacity | DK3: Energy Capacity | DL3: Energy Capacity | DM3: Energy Capacity | DN3: Policy | DO3: Policy | DP3: Policy | DQ3: Policy | DR3: Policy
A4: unitless | B4: unitless | C4: MWh | D4: MWh | E4: MWh | F4: MWh | G4: MWh | H4: MWh | I4: MWh | J4: MWh | K4: MWh | L4: MWh/MWh | M4: MWh/MWh | N4: MW/MW | O4: $/MW | P4: MW | Q4: kg/MWh | R4: g/MWh | S4: g/MWh | T4: kg/MWh | U4: g/MWh | V4: g/MWh | W4: kg/MWh | X4: kg/MWh | Y4: kg/MWh | Z4: kg/MWh | AA4: g/MWh | AB4: g/MWh | AC4: kg/MWh | AD4: g/MWh | AE4: g/MWh | AF4: kg/MWh | AG4: kg/MWh | AH4: kg/MWh | AI4: kg/MWh | AJ4: g/MWh | AK4: g/MWh | AL4: kg/MWh | AM4: g/MWh | AN4: g/MWh | AO4: kg/MWh | AP4: kg/MWh | AQ4: kg/MWh | AR4: kg/MWh | AS4: g/MWh | AT4: g/MWh | AU4: kg/MWh | AV4: g/MWh | AW4: g/MWh | AX4: kg/MWh | AY4: kg/MWh | AZ4: kg/MWh | BA4: metric tons | BB4: metric tons | BC4: metric tons | BD4: metric tons | BE4: metric tons | BF4: metric tons | BG4: metric tons | BH4: metric tons | BI4: metric tons | BJ4: metric tons | BK4: metric tons | BL4: metric tons | BM4: metric tons | BN4: metric tons | BO4: $/MWh | BP4: $/MWh | BQ4: $/MWh | BR4: $/MWh | BS4: $/MWh | BT4: $/MWh | BU4: $/MWh | BV4: $/MWh | BW4: MWh | BX4: MWh | BY4: MWh | BZ4: MWh | CA4: MWh | CB4: MWh | CC4: MWh | CD4: MWh | CE4: MWh | CF4: MWh | CG4: MWh | CH4: MWh | CI4: MWh | CJ4: MWh | CK4: MWh | CL4: MWh | CM4: MWh | CN4: MWh | CO4: MWh | CP4: MWh | CQ4: MWh | CR4: MW | CS4: MW | CT4: MW | CU4: MW | CV4: MW | CW4: MW | CX4: MW | CY4: MW | CZ4: MW | DA4: MW | DB4: MW | DC4: MW | DD4: MW | DE4: MW | DF4: MW | DG4: MW | DH4: MW | DI4: MW | DJ4: MW | DK4: MWh | DL4: MWh | DM4: MWh | DN4: $/credit | DO4: credit/sales | DP4: $/credit | DQ4: credit/sales | DR4: $/ton
A5: gea | B5: t | C5: busbar_load | D5: busbar_load_for_enduse | E5: enduse_load | F5: dac_load | G5: storage_charging | H5: net_load_busbar | I5: battery_charging | J5: phs_charging | K5: trans_losses | L5: distloss_rate_avg | M5: distloss_rate_marg | N5: prm | O5: capacity_shadow_price | P5: planning_capacity_MW | Q5: aer_gen_co2_c | R5: aer_gen_ch4_c | S5: aer_gen_n2o_c | T5: aer_gen_co2_p | U5: aer_gen_ch4_p | V5: aer_gen_n2o_p | W5: aer_gen_co2e_c | X5: aer_gen_co2e_p | Y5: aer_gen_co2e | Z5: aer_load_co2_c | AA5: aer_load_ch4_c | AB5: aer_load_n2o_c | AC5: aer_load_co2_p | AD5: aer_load_ch4_p | AE5: aer_load_n2o_p | AF5: aer_load_co2e_c | AG5: aer_load_co2e_p | AH5: aer_load_co2e | AI5: lrmer_co2_c | AJ5: lrmer_ch4_c | AK5: lrmer_n2o_c | AL5: lrmer_co2_p | AM5: lrmer_ch4_p | AN5: lrmer_n2o_p | AO5: lrmer_co2e_c | AP5: lrmer_co2e_p | AQ5: lrmer_co2e | AR5: srmer_co2_c | AS5: srmer_ch4_c | AT5: srmer_n2o_c | AU5: srmer_co2_p | AV5: srmer_ch4_p | AW5: srmer_n2o_p | AX5: srmer_co2e_c | AY5: srmer_co2e_p | AZ5: srmer_co2e | BA5: total_gen_co2_c | BB5: total_gen_ch4_c | BC5: total_gen_n2o_c | BD5: total_gen_co2_p | BE5: total_gen_ch4_p | BF5: total_gen_n2o_p | BG5: total_gen_co2e_c | BH5: total_gen_co2e_p | BI5: total_gen_co2e | BJ5: co2_captured_dac | BK5: co2_captured_ccs | BL5: total_net_co2_c | BM5: total_net_co2 | BN5: total_net_co2e | BO5: energy_cost_busbar | BP5: capacity_cost_busbar | BQ5: portfolio_cost_busbar | BR5: total_cost_busbar | BS5: energy_cost_enduse | BT5: capacity_cost_enduse | BU5: portfolio_cost_enduse | BV5: total_cost_enduse | BW5: generation | BX5: variable_generation | BY5: nuclear_MWh | BZ5: coal_MWh | CA5: coal-ccs_MWh | CB5: o-g-s_MWh | CC5: gas-cc_MWh | CD5: gas-cc-ccs_MWh | CE5: gas-ct_MWh | CF5: hydro_MWh | CG5: geothermal_MWh | CH5: biomass_MWh | CI5: beccs_MWh | CJ5: wind-ons_MWh | CK5: wind-ofs_MWh | CL5: csp_MWh | CM5: upv_MWh | CN5: distpv_MWh | CO5: phs_MWh | CP5: battery_MWh | CQ5: canada_MWh | CR5: battery_MW | CS5: beccs_MW | CT5: biomass_MW | CU5: coal_MW | CV5: coal-ccs_MW | CW5: csp_MW | CX5: distpv_MW | CY5: gas-cc_MW | CZ5: gas-cc-ccs_MW | DA5: gas-ct_MW | DB5: geothermal_MW | DC5: hydro_MW | DD5: nuclear_MW | DE5: o-g-s_MW | DF5: phs_MW | DG5: upv_MW | DH5: wind-ofs_MW | DI5: wind-ons_MW | DJ5: dac_MW | DK5: battery_energy_cap_MWh | DL5: phs_energy_cap_MWh | DM5: csp_energy_cap_MWh | DN5: rps_shadow_price | DO5: rps_f | DP5: ces_shadow_price | DQ5: ces_f | DR5: co2_shadow_price
A6: AZNMc | B6: 2022 | C6: 1.4179915e+08 | D6: 138553623 | E6: 1.3357439e+08 | F6: 0 | G6: 1409905.6 | H6: 1.1120839e+08 | I6: 1217080.2 | J6: 192825.4 | K6: 1835625.4 | L6: 0.0359 | M6: 0.0539 | N6: 0.135 | O6: 45215.07 | P6: 34043.3 | Q6: 364.9 | R6: 30.5 | S6: 4.34 | T6: 23.7 | U6: 1163.3 | V6: 0.22 | W6: 366.9 | X6: 56.4 | Y6: 423.2 | Z6: 371.8 | AA6: 32 | AB6: 4.55 | AC6: 23.4 | AD6: 1158.7 | AE6: 0.22 | AF6: 373.9 | AG6: 55.9 | AH6: 429.8 | AI6: 424.4 | AJ6: 14.6 | AK6: 1.83 | AL6: 44.3 | AM6: 1995.7 | AN6: 0.2 | AO6: 425.3 | AP6: 100.3 | AQ6: 525.6 | AR6: 690.1 | AS6: 48.7 | AT6: 6.83 | AU6: 49.4 | AV6: 2463.9 | AW6: 0.33 | AX6: 693.3 | AY6: 118.4 | AZ6: 811.8 | BA6: 51828425 | BB6: 4341.3 | BC6: 617.1 | BD6: 3367762.9 | BE6: 165143.4 | BF6: 31.1 | BG6: 52113508 | BH6: 8000026.2 | BI6: 60113534 | BJ6: 0 | BK6: 0 | BL6: 51828425 | BM6: 55196188 | BN6: 60113534 | BO6: 35.86 | BP6: 9.65 | BQ6: 0 | BR6: 45.52 | BS6: 37.99 | BT6: 10.57 | BU6: 0 | BV6: 48.57 | BW6: 143037980 | BX6: 27345228 | BY6: 31446266 | BZ6: 32912356 | CA6: 0 | CB6: 29364 | CC6: 40118030 | CD6: 0 | CE6: 273084.7 | CF6: 9069476 | CG6: 64024.1 | CH6: 589478.8 | CI6: 0 | CJ6: 5703750.5 | CK6: 0 | CL6: 16353.9 | CM6: 18049950 | CN6: 3575172.8 | CO6: 153923.2 | CP6: 1036754 | CQ6: 0 | CR6: 1521.2 | CS6: 0 | CT6: 84.8 | CU6: 5189 | CV6: 0 | CW6: 8 | CX6: 1994.3 | CY6: 15813.3 | CZ6: 0 | DA6: 5523.8 | DB6: 8.6 | DC6: 3067 | DD6: 3937 | DE6: 1952.7 | DF6: 216.3 | DG6: 6699.9 | DH6: 0 | DI6: 1744.3 | DJ6: 0 | DK6: 3042.4 | DL6: 2163 | DM6: 0 | DN6: 0 | DO6: 0.11 | DP6: 0 | DQ6: 0 | DR6: 0
A7: AZNMc | B7: 2024 | C7: 1.4712332e+08 | D7: 1.4364224e+08 | E7: 1.3848013e+08 | F7: 0 | G7: 1791495 | H7: 1.1421878e+08 | I7: 1615275.5 | J7: 176219.5 | K7: 1689588 | L7: 0.0359 | M7: 0.0539 | N7: 0.135 | O7: 45215.07 | P7: 35293.2 | Q7: 331.4 | R7: 24.8 | S7: 3.49 | T7: 24.3 | U7: 1149.5 | V7: 0.2 | W7: 333 | X7: 56.5 | Y7: 389.5 | Z7: 335.4 | AA7: 25.7 | AB7: 3.62 | AC7: 24 | AD7: 1145 | AE7: 0.2 | AF7: 337.1 | AG7: 56.2 | AH7: 393.3 | AI7: 392.5 | AJ7: 12.2 | AK7: 1.49 | AL7: 42.2 | AM7: 1887.8 | AN7: 0.18 | AO7: 393.3 | AP7: 95.1 | AQ7: 488.4 | AR7: 685.9 | AS7: 47.4 | AT7: 6.64 | AU7: 50 | AV7: 2476.4 | AW7: 0.33 | AX7: 689 | AY7: 119.4 | AZ7: 808.4 | BA7: 49959886 | BB7: 3740.2 | BC7: 526.2 | BD7: 3659784.2 | BE7: 173322 | BF7: 29.9 | BG7: 50204051 | BH7: 8520732.1 | BI7: 58724783 | BJ7: 0 | BK7: 0 | BL7: 49959886 | BM7: 53619670 | BN7: 58724783 | BO7: 32.51 | BP7: 9.58 | BQ7: 0 | BR7: 42.09 | BS7: 34.46 | BT7: 10.51 | BU7: 0 | BV7: 44.97 | BW7: 151806820 | BX7: 29423460 | BY7: 31446266 | BZ7: 27460646 | CA7: 0 | CB7: 14086.3 | CC7: 51872436 | CD7: 0 | CE7: 349355.8 | CF7: 9065539 | CG7: 64035.3 | CH7: 589478.8 | CI7: 0 | CJ7: 5715414 | CK7: 0 | CL7: 16398.4 | CM7: 19795988 | CN7: 3895658 | CO7: 144013.3 | CP7: 1377501.2 | CQ7: 0 | CR7: 2081.2 | CS7: 0 | CT7: 84.8 | CU7: 5189 | CV7: 0 | CW7: 8 | CX7: 2190 | CY7: 17445.9 | CZ7: 0 | DA7: 4805.3 | DB7: 8.6 | DC7: 3067 | DD7: 3937 | DE7: 865.5 | DF7: 216.3 | DG7: 7403.2 | DH7: 0 | DI7: 1756.8 | DJ7: 0 | DK7: 4162.4 | DL7: 2163 | DM7: 0 | DN7: 0 | DO7: 0.12 | DP7: 0 | DQ7: 0 | DR7: 0
A8: AZNMc | B8: 2026 | C8: 1.5216172e+08 | D8: 147952741 | E8: 142635725 | F8: 0 | G8: 1926490.8 | H8: 1.1830398e+08 | I8: 1692093.2 | J8: 234397.6 | K8: 2282489.8 | L8: 0.0359 | M8: 0.0539 | N8: 0.135 | O8: 50683.71 | P8: 36351.9 | Q8: 318.6 | R8: 23.7 | S8: 3.34 | T8: 23.5 | U8: 1108.9 | V8: 0.19 | W8: 320.2 | X8: 54.6 | Y8: 374.7 | Z8: 306.7 | AA8: 23.6 | AB8: 3.32 | AC8: 22 | AD8: 1045.4 | AE8: 0.19 | AF8: 308.2 | AG8: 51.3 | AH8: 359.6 | AI8: 336.9 | AJ8: 8.2 | AK8: 0.93 | AL8: 38.2 | AM8: 1696.1 | AN8: 0.15 | AO8: 337.4 | AP8: 85.7 | AQ8: 423.1 | AR8: 695.7 | AS8: 50.4 | AT8: 7.09 | AU8: 48.7 | AV8: 2435.5 | AW8: 0.34 | AX8: 699 | AY8: 117 | AZ8: 816 | BA8: 48944873 | BB8: 3648.2 | BC8: 513 | BD8: 3605657.1 | BE8: 170337.1 | BF8: 29.4 | BG8: 49182965 | BH8: 8382895.5 | BI8: 57565861 | BJ8: 0 | BK8: 0 | BL8: 48944873 | BM8: 52550530 | BN8: 57565861 | BO8: 31.24 | BP8: 10.72 | BQ8: 0 | BR8: 41.96 | BS8: 33.13 | BT8: 11.8 | BU8: 0 | BV8: 44.93 | BW8: 154638340 | BX8: 29648762 | BY8: 31446266 | BZ8: 26772840 | CA8: 0 | CB8: 8814.2 | CC8: 53576132 | CD8: 0 | CE8: 256914.4 | CF8: 10647589 | CG8: 64032.1 | CH8: 587047.5 | CI8: 0 | CJ8: 5684591 | CK8: 0 | CL8: 16331.6 | CM8: 19519816 | CN8: 4428022.5 | CO8: 188513.1 | CP8: 1441431.9 | CQ8: 0 | CR8: 2081.2 | CS8: 0 | CT8: 84.8 | CU8: 4422 | CV8: 0 | CW8: 8 | CX8: 2500 | CY8: 19287.3 | CZ8: 0 | DA8: 4805.3 | DB8: 8.6 | DC8: 3486 | DD8: 3937 | DE8: 865.5 | DF8: 216.3 | DG8: 7403.2 | DH8: 0 | DI8: 1756.8 | DJ8: 0 | DK8: 4162.4 | DL8: 2163 | DM8: 0 | DN8: 0 | DO8: 0.16 | DP8: 0 | DQ8: 0 | DR8: 0
A9: AZNMc | B9: 2028 | C9: 1.5657213e+08 | D9: 1.5157159e+08 | E9: 1.4612452e+08 | F9: 0 | G9: 2115258.8 | H9: 1.1895198e+08 | I9: 1841328.2 | J9: 273930.6 | K9: 2885280.2 | L9: 0.0359 | M9: 0.0539 | N9: 0.135 | O9: 58653.13 | P9: 37241.7 | Q9: 310 | R9: 23 | S9: 3.23 | T9: 22.9 | U9: 1082.3 | V9: 0.19 | W9: 311.5 | X9: 53.3 | Y9: 364.8 | Z9: 291.2 | AA9: 22.4 | AB9: 3.16 | AC9: 20.9 | AD9: 990.9 | AE9: 0.18 | AF9: 292.7 | AG9: 48.7 | AH9: 341.3 | AI9: 252.1 | AJ9: 6.6 | AK9: 0.76 | AL9: 28.2 | AM9: 1253.9 | AN9: 0.12 | AO9: 252.5 | AP9: 63.3 | AQ9: 315.8 | AR9: 665.6 | AS9: 45.9 | AT9: 6.42 | AU9: 48.8 | AV9: 2401.7 | AW9: 0.33 | AX9: 668.6 | AY9: 116.1 | AZ9: 784.7 | BA9: 49105363 | BB9: 3644.4 | BC9: 512.3 | BD9: 3630569.8 | BE9: 171387.8 | BF9: 29.5 | BG9: 49343152 | BH9: 8437244.8 | BI9: 57780397 | BJ9: 0 | BK9: 0 | BL9: 49105363 | BM9: 52735932 | BN9: 57780397 | BO9: 32.33 | BP9: 12.37 | BQ9: 0 | BR9: 44.7 | BS9: 34.32 | BT9: 13.66 | BU9: 0 | BV9: 47.98 | BW9: 159426910 | BX9: 32619604 | BY9: 31446266 | BZ9: 26693880 | CA9: 0 | CB9: 10161.3 | CC9: 55334880 | CD9: 0 | CE9: 254666.7 | CF9: 10623686 | CG9: 64024.3 | CH9: 585685 | CI9: 0 | CJ9: 8144944 | CK9: 0 | CL9: 16408.8 | CM9: 19247496 | CN9: 5210756 | CO9: 221265.8 | CP9: 1572784.6 | CQ9: 0 | CR9: 2161.4 | CS9: 0 | CT9: 84.8 | CU9: 4111 | CV9: 0 | CW9: 8 | CX9: 2945.6 | CY9: 20320.9 | CZ9: 0 | DA9: 4805.3 | DB9: 8.6 | DC9: 3486 | DD9: 3937 | DE9: 865.5 | DF9: 216.3 | DG9: 7403.2 | DH9: 0 | DI9: 2343.4 | DJ9: 0 | DK9: 4493.5 | DL9: 2163 | DM9: 0 | DN9: 0 | DO9: 0.17 | DP9: 0 | DQ9: 0 | DR9: 0
A10: AZNMc | B10: 2030 | C10: 1.6180038e+08 | D10: 1.5522749e+08 | E10: 1.4964904e+08 | F10: 0 | G10: 3318834.2 | H10: 1.0427558e+08 | I10: 2895527.2 | J10: 423307 | K10: 3254058 | L10: 0.0359 | M10: 0.0539 | N10: 0.135 | O10: 65083.65 | P10: 38140.1 | Q10: 267.9 | R10: 19.6 | S10: 2.75 | T10: 20.1 | U10: 944 | V10: 0.16 | W10: 269.1 | X10: 46.6 | Y10: 315.8 | Z10: 256.6 | AA10: 19.7 | AB10: 2.77 | AC10: 18.6 | AD10: 876.3 | AE10: 0.16 | AF10: 257.9 | AG10: 43.1 | AH10: 301 | AI10: 250.1 | AJ10: 6.4 | AK10: 0.74 | AL10: 28.1 | AM10: 1250.8 | AN10: 0.11 | AO10: 250.4 | AP10: 63.1 | AQ10: 313.6 | AR10: 637.1 | AS10: 44.6 | AT10: 6.27 | AU10: 46 | AV10: 2272.6 | AW10: 0.32 | AX10: 640 | AY10: 109.8 | AZ10: 749.8 | BA10: 46651396 | BB10: 3413.9 | BC10: 479.2 | BD10: 3507489.1 | BE10: 164379.3 | BF10: 28.3 | BG10: 46873974 | BH10: 8117615.1 | BI10: 54991589 | BJ10: 0 | BK10: 0 | BL10: 46651396 | BM10: 50158885 | BN10: 54991589 | BO10: 30.63 | BP10: 13.3 | BQ10: 0 | BR10: 43.93 | BS10: 32.62 | BT10: 14.78 | BU10: 0 | BV10: 47.4 | BW10: 175350740 | BX10: 50951904 | BY10: 31446266 | BZ10: 24898662 | CA10: 0 | CB10: 13228.5 | CC10: 53809160 | CD10: 0 | CE10: 312913.2 | CF10: 10473232 | CG10: 64024.3 | CH10: 576082.2 | CI10: 0 | CJ10: 9324061 | CK10: 0 | CL10: 16453.6 | CM10: 35506100 | CN10: 6105289 | CO10: 340679.5 | CP10: 2464595.8 | CQ10: 0 | CR10: 2540.9 | CS10: 0 | CT10: 84.8 | CU10: 4111 | CV10: 0 | CW10: 8 | CX10: 3463.4 | CY10: 20320.9 | CZ10: 0 | DA10: 4742.3 | DB10: 8.6 | DC10: 3486 | DD10: 3937 | DE10: 594.5 | DF10: 216.3 | DG10: 12981.8 | DH10: 0 | DI10: 2626 | DJ10: 0 | DK10: 7142.6 | DL10: 2163 | DM10: 0 | DN10: 0 | DO10: 0.2 | DP10: 0 | DQ10: 0.06 | DR10: 0
A11: AZNMc | B11: 2032 | C11: 1.6774586e+08 | D11: 1.590316e+08 | E11: 1.5331644e+08 | F11: 0 | G11: 6153183.5 | H11: 1.0772629e+08 | I11: 5742138.5 | J11: 411045.3 | K11: 2561076.5 | L11: 0.0359 | M11: 0.0539 | N11: 0.135 | O11: 68798.25 | P11: 39074.3 | Q11: 173.2 | R11: 5.2 | S11: 0.62 | T11: 20.5 | U11: 849.6 | V11: 0.11 | W11: 173.6 | X11: 44.3 | Y11: 217.8 | Z11: 163.7 | AA11: 5.9 | AB11: 0.74 | AC11: 18.6 | AD11: 771.8 | AE11: 0.11 | AF11: 164.1 | AG11: 40.2 | AH11: 204.3 | AI11: 221.9 | AJ11: 5.5 | AK11: 0.63 | AL11: 25.1 | AM11: 1114.4 | AN11: 0.1 | AO11: 222.2 | AP11: 56.3 | AQ11: 278.5 | AR11: 612.6 | AS11: 39.7 | AT11: 5.53 | AU11: 47.2 | AV11: 2286.5 | AW11: 0.3 | AX11: 615.2 | AY11: 111.3 | AZ11: 726.5 | BA11: 29572314 | BB11: 883.4 | BC11: 106.1 | BD11: 3492636.1 | BE11: 145005.1 | BF11: 19.5 | BG11: 29625161 | BH11: 7557942.7 | BI11: 37183104 | BJ11: 0 | BK11: 0 | BL11: 29572314 | BM11: 33064950 | BN11: 37183104 | BO11: 31.03 | BP11: 13.83 | BQ11: 0 | BR11: 44.86 | BS11: 33.15 | BT11: 15.63 | BU11: 0 | BV11: 48.78 | BW11: 171926610 | BX11: 51305304 | BY11: 31446266 | BZ11: 3124446.2 | CA11: 0 | CB11: 6715.9 | CC11: 69384440 | CD11: 0 | CE11: 258384.6 | CF11: 10531906 | CG11: 64013.4 | CH11: 579893.3 | CI11: 0 | CJ11: 9273381 | CK11: 0 | CL11: 16496.9 | CM11: 35152188 | CN11: 6863241 | CO11: 330238.3 | CP11: 4894993.5 | CQ11: 0 | CR11: 4236.4 | CS11: 0 | CT11: 84.8 | CU11: 486 | CV11: 0 | CW11: 8 | CX11: 3914.9 | CY11: 22294.1 | CZ11: 0 | DA11: 4742.3 | DB11: 8.6 | DC11: 3486 | DD11: 3937 | DE11: 486 | DF11: 216.3 | DG11: 13047.9 | DH11: 0 | DI11: 2626 | DJ11: 0 | DK11: 14056.5 | DL11: 2163 | DM11: 0 | DN11: 0 | DO11: 0.2 | DP11: 0 | DQ11: 0.07 | DR11: 0
A12: AZNMc | B12: 2034 | C12: 1.7218488e+08 | D12: 1.6309508e+08 | E12: 1.5723389e+08 | F12: 0 | G12: 6531473.5 | H12: 1.1172175e+08 | I12: 5849237.5 | J12: 682235.8 | K12: 2558331.9 | L12: 0.0359 | M12: 0.0539 | N12: 0.135 | O12: 70970.95 | P12: 40071.8 | Q12: 173.9 | R12: 5.2 | S12: 0.63 | T12: 20.5 | U12: 851.9 | V12: 0.11 | W12: 174.2 | X12: 44.4 | Y12: 218.6 | Z12: 162.4 | AA12: 5.9 | AB12: 0.74 | AC12: 18.4 | AD12: 764.9 | AE12: 0.11 | AF12: 162.8 | AG12: 39.8 | AH12: 202.6 | AI12: 255.1 | AJ12: 5.7 | AK12: 0.62 | AL12: 29.4 | AM12: 1303.5 | AN12: 0.11 | AO12: 255.4 | AP12: 66 | AQ12: 321.4 | AR12: 622.1 | AS12: 42.3 | AT12: 5.9 | AU12: 46.1 | AV12: 2269.5 | AW12: 0.3 | AX12: 624.9 | AY12: 109.7 | AZ12: 734.6 | BA12: 30073955 | BB12: 903.3 | BC12: 108.6 | BD12: 3542439.6 | BE12: 147297.6 | BF12: 19.7 | BG12: 30128038 | BH12: 7671996.9 | BI12: 37800035 | BJ12: 0 | BK12: 0 | BL12: 30073955 | BM12: 33616395 | BN12: 37800035 | BO12: 30.85 | BP12: 14.26 | BQ12: 0 | BR12: 45.11 | BS12: 32.98 | BT12: 16.14 | BU12: 0 | BV12: 49.12 | BW12: 174187600 | BX12: 51373330 | BY12: 31446266 | BZ12: 3222318.5 | CA12: 0 | CB12: 6538.8 | CC12: 71193030 | CD12: 0 | CE12: 279161.5 | CF12: 10506470 | CG12: 64006.1 | CH12: 577929.4 | CI12: 0 | CJ12: 9222883 | CK12: 0 | CL12: 16382.8 | CM12: 34829070 | CN12: 7304989 | CO12: 546204.4 | CP12: 4972340 | CQ12: 0 | CR12: 4213.7 | CS12: 0 | CT12: 84.8 | CU12: 486 | CV12: 0 | CW12: 8 | CX12: 4203.1 | CY12: 22579.4 | CZ12: 0 | DA12: 4742.3 | DB12: 8.6 | DC12: 3486 | DD12: 3937 | DE12: 377.5 | DF12: 338.6 | DG12: 13115.1 | DH12: 0 | DI12: 2626 | DJ12: 0 | DK12: 14230.4 | DL12: 3385.8 | DM12: 0 | DN12: 0 | DO12: 0.2 | DP12: 0 | DQ12: 0.08 | DR12: 0
A13: AZNMc | B13: 2036 | C13: 1.7742549e+08 | D13: 1.6728207e+08 | E13: 1.6127041e+08 | F13: 0 | G13: 7613951 | H13: 1.1480206e+08 | I13: 6527297.5 | J13: 1086653.6 | K13: 2529464.5 | L13: 0.0359 | M13: 0.0539 | N13: 0.135 | O13: 71347.55 | P13: 41102.4 | Q13: 171.8 | R13: 5.2 | S13: 0.62 | T13: 20.2 | U13: 841.2 | V13: 0.11 | W13: 172.1 | X13: 43.8 | Y13: 215.9 | Z13: 160 | AA13: 5.8 | AB13: 0.72 | AC13: 18.1 | AD13: 754.1 | AE13: 0.11 | AF13: 160.4 | AG13: 39.3 | AH13: 199.6 | AI13: 211.3 | AJ13: 4.8 | AK13: 0.53 | AL13: 24.3 | AM13: 1076.8 | AN13: 0.09 | AO13: 211.6 | AP13: 54.5 | AQ13: 266.1 | AR13: 590.4 | AS13: 37.2 | AT13: 5.16 | AU13: 46.4 | AV13: 2243 | AW13: 0.29 | AX13: 592.8 | AY13: 109.2 | AZ13: 702 | BA13: 30027500 | BB13: 903.4 | BC13: 108.7 | BD13: 3535811.5 | BE13: 147033.5 | BF13: 19.7 | BG13: 30081602 | BH13: 7657965.4 | BI13: 37739567 | BJ13: 0 | BK13: 0 | BL13: 30027500 | BM13: 33563312 | BN13: 37739567 | BO13: 31.4 | BP13: 14.28 | BQ13: 0 | BR13: 45.68 | BS13: 33.61 | BT13: 16.23 | BU13: 0 | BV13: 49.84 | BW13: 176126130 | BX13: 52480012 | BY13: 31446266 | BZ13: 3232877.5 | CA13: 0 | CB13: 2398.6 | CC13: 71135330 | CD13: 0 | CE13: 235560.8 | CF13: 10507947 | CG13: 64020.7 | CH13: 578728.5 | CI13: 0 | CJ13: 9699765 | CK13: 0 | CL13: 16315.2 | CM13: 35079760 | CN13: 7684170.5 | CO13: 876954.1 | CP13: 5566029.5 | CQ13: 0 | CR13: 4452.1 | CS13: 0 | CT13: 84.8 | CU13: 486 | CV13: 0 | CW13: 8 | CX13: 4460.5 | CY13: 22566.6 | CZ13: 0 | DA13: 4742.3 | DB13: 8.6 | DC13: 3486 | DD13: 3937 | DE13: 160.5 | DF13: 550.8 | DG13: 13447 | DH13: 0 | DI13: 2773.1 | DJ13: 0 | DK13: 16049.8 | DL13: 5508 | DM13: 0 | DN13: 0 | DO13: 0.2 | DP13: 0 | DQ13: 0.08 | DR13: 0
A14: AZNMc | B14: 2038 | C14: 1.8733272e+08 | D14: 1.7179019e+08 | E14: 1.6561652e+08 | F14: 0 | G14: 12971546 | H14: 1.1272069e+08 | I14: 11910931 | J14: 1060615.1 | K14: 2570980.9 | L14: 0.0359 | M14: 0.0539 | N14: 0.135 | O14: 71281.35 | P14: 42208.6 | Q14: 158.7 | R14: 4.7 | S14: 0.57 | T14: 18.8 | U14: 778.8 | V14: 0.1 | W14: 159 | X14: 40.6 | Y14: 199.6 | Z14: 149.4 | AA14: 5.1 | AB14: 0.64 | AC14: 17.2 | AD14: 711.9 | AE14: 0.1 | AF14: 149.7 | AG14: 37.2 | AH14: 186.9 | AI14: 216.4 | AJ14: 5 | AK14: 0.55 | AL14: 24.8 | AM14: 1102.4 | AN14: 0.1 | AO14: 216.7 | AP14: 55.7 | AQ14: 272.4 | AR14: 570.5 | AS14: 34.4 | AT14: 4.75 | AU14: 46.3 | AV14: 2214.4 | AW14: 0.28 | AX14: 572.7 | AY14: 108.4 | AZ14: 681.1 | BA14: 29368648 | BB14: 874.8 | BC14: 105 | BD14: 3472553 | BE14: 144103.2 | BF14: 19.4 | BG14: 29420954 | BH14: 7512578.7 | BI14: 36933533 | BJ14: 0 | BK14: 0 | BL14: 29368648 | BM14: 32841201 | BN14: 36933533 | BO14: 30.45 | BP14: 13.85 | BQ14: 0.02 | BR14: 44.33 | BS14: 32.75 | BT14: 16.18 | BU14: 0.02 | BV14: 48.96 | BW14: 186501740 | BX14: 59069496 | BY14: 31446266 | BZ14: 3080689 | CA14: 0 | CB14: 2024.2 | CC14: 70595150 | CD14: 0 | CE14: 168596.8 | CF14: 10518199 | CG14: 64009.8 | CH14: 581427 | CI14: 0 | CJ14: 10525525 | CK14: 0 | CL14: 16394.4 | CM14: 40547964 | CN14: 7979610.5 | CO14: 844912.8 | CP14: 10130967 | CQ14: 0 | CR14: 5696.4 | CS14: 0 | CT14: 84.8 | CU14: 486 | CV14: 0 | CW14: 8 | CX14: 4670 | CY14: 22731.9 | CZ14: 0 | DA14: 4742.3 | DB14: 8.6 | DC14: 3486 | DD14: 3937 | DE14: 160.5 | DF14: 724.2 | DG14: 16209.8 | DH14: 0 | DI14: 2944.8 | DJ14: 0 | DK14: 31830.1 | DL14: 7242.4 | DM14: 0 | DN14: 0 | DO14: 0.2 | DP14: 0 | DQ14: 0.09 | DR14: 0
A15: AZNMc | B15: 2040 | C15: 1.9408044e+08 | D15: 1.7653298e+08 | E15: 1.7018887e+08 | F15: 0 | G15: 14933027 | H15: 1.1514194e+08 | I15: 13641986 | J15: 1291040.8 | K15: 2614438.9 | L15: 0.0359 | M15: 0.0539 | N15: 0.135 | O15: 72060.09 | P15: 43375.4 | Q15: 154.1 | R15: 4.6 | S15: 0.55 | T15: 18.3 | U15: 757.1 | V15: 0.1 | W15: 154.4 | X15: 39.5 | Y15: 193.9 | Z15: 145.5 | AA15: 4.9 | AB15: 0.61 | AC15: 16.9 | AD15: 696.9 | AE15: 0.1 | AF15: 145.8 | AG15: 36.4 | AH15: 182.2 | AI15: 184.8 | AJ15: 4.2 | AK15: 0.46 | AL15: 21.2 | AM15: 942.6 | AN15: 0.08 | AO15: 185 | AP15: 47.6 | AQ15: 232.6 | AR15: 562.9 | AS15: 33.2 | AT15: 4.57 | AU15: 46.5 | AV15: 2210.4 | AW15: 0.27 | AX15: 565.1 | AY15: 108.5 | AZ15: 673.5 | BA15: 29012840 | BB15: 858.9 | BC15: 102.9 | BD15: 3438956.3 | BE15: 142534.5 | BF15: 19.2 | BG15: 29064149 | BH15: 7435017.1 | BI15: 36499166 | BJ15: 0 | BK15: 0 | BL15: 29012840 | BM15: 32451797 | BN15: 36499166 | BO15: 30.17 | BP15: 13.88 | BQ15: 0.26 | BR15: 44.31 | BS15: 32.48 | BT15: 16.34 | BU15: 0.28 | BV15: 49.1 | BW15: 189740960 | BX15: 61391030 | BY15: 31446266 | BZ15: 2992300 | CA15: 0 | CB15: 1328.6 | CC15: 69951750 | CD15: 0 | CE15: 107456.2 | CF15: 10531520 | CG15: 64035.3 | CH15: 580743.2 | CI15: 0 | CJ15: 11478735 | CK15: 0 | CL15: 16462.8 | CM15: 41644628 | CN15: 8251209 | CO15: 1036050.8 | CP15: 11638482 | CQ15: 0 | CR15: 6245.5 | CS15: 0 | CT15: 84.8 | CU15: 486 | CV15: 0 | CW15: 8 | CX15: 4869 | CY15: 22429.5 | CZ15: 0 | DA15: 4742.3 | DB15: 8.6 | DC15: 3486 | DD15: 3937 | DE15: 160.5 | DF15: 1074.7 | DG15: 16766.7 | DH15: 0 | DI15: 3014.2 | DJ15: 0 | DK15: 37324.9 | DL15: 10747 | DM15: 0 | DN15: 0 | DO15: 0.23 | DP15: 0.4 | DQ15: 0.1 | DR15: 0
A16: AZNMc | B16: 2042 | C16: 1.9983576e+08 | D16: 1.8181921e+08 | E16: 1.7528512e+08 | F16: 0 | G16: 15317323 | H16: 1.1975218e+08 | I16: 14138146 | J16: 1179177.6 | K16: 2699224.4 | L16: 0.0359 | M16: 0.0539 | N16: 0.135 | O16: 71173.4 | P16: 44671.7 | Q16: 154.3 | R16: 4.6 | S16: 0.54 | T16: 18.3 | U16: 758.3 | V16: 0.1 | W16: 154.5 | X16: 39.5 | Y16: 194.1 | Z16: 144.9 | AA16: 4.8 | AB16: 0.6 | AC16: 16.8 | AD16: 695.2 | AE16: 0.1 | AF16: 145.2 | AG16: 36.3 | AH16: 181.5 | AI16: 168.7 | AJ16: 4.2 | AK16: 0.48 | AL16: 19 | AM16: 849.1 | AN16: 0.07 | AO16: 168.9 | AP16: 42.8 | AQ16: 211.7 | AR16: 565.4 | AS16: 33.6 | AT16: 4.63 | AU16: 46.4 | AV16: 2212.9 | AW16: 0.27 | AX16: 567.5 | AY16: 108.4 | AZ16: 675.9 | BA16: 29316576 | BB16: 865.5 | BC16: 103.6 | BD16: 3473972.5 | BE16: 144097.9 | BF16: 19.4 | BG16: 29368253 | BH16: 7513841.9 | BI16: 36882095 | BJ16: 0 | BK16: 0 | BL16: 29316576 | BM16: 32790548 | BN16: 36882095 | BO16: 30.36 | BP16: 13.72 | BQ16: 0.03 | BR16: 44.11 | BS16: 32.65 | BT16: 16.15 | BU16: 0.03 | BV16: 48.82 | BW16: 191520370 | BX16: 62067028 | BY16: 31446266 | BZ16: 3001166.2 | CA16: 0 | CB16: 786.9 | CC16: 70774310 | CD16: 0 | CE16: 70778.4 | CF16: 10560278 | CG16: 64031.6 | CH16: 581546.2 | CI16: 0 | CJ16: 13669846 | CK16: 0 | CL16: 4087.4 | CM16: 39913736 | CN16: 8479360 | CO16: 941477.2 | CP16: 12012694 | CQ16: 0 | CR16: 6898.9 | CS16: 0 | CT16: 84.8 | CU16: 486 | CV16: 0 | CW16: 2 | CX16: 5048.6 | CY16: 22455.7 | CZ16: 0 | DA16: 4118.3 | DB16: 8.6 | DC16: 3486 | DD16: 3937 | DE16: 160.5 | DF16: 1288.1 | DG16: 16099.6 | DH16: 0 | DI16: 3471.2 | DJ16: 0 | DK16: 40119.1 | DL16: 12880.9 | DM16: 0 | DN16: 0 | DO16: 0.23 | DP16: 0 | DQ16: 0.11 | DR16: 0
A17: AZNMc | B17: 2044 | C17: 2.0729698e+08 | D17: 187587130 | E17: 1.8084576e+08 | F17: 0 | G17: 16896384 | H17: 1.1754311e+08 | I17: 15622202 | J17: 1274182.4 | K17: 2813467.6 | L17: 0.0359 | M17: 0.0539 | N17: 0.135 | O17: 76638.06 | P17: 46089.3 | Q17: 140.9 | R17: 4.2 | S17: 0.51 | T17: 16.7 | U17: 689.9 | V17: 0.1 | W17: 141.1 | X17: 36.1 | Y17: 177.2 | Z17: 133.7 | AA17: 4.6 | AB17: 0.57 | AC17: 15.5 | AD17: 638.1 | AE17: 0.09 | AF17: 134 | AG17: 33.4 | AH17: 167.4 | AI17: 141.2 | AJ17: 3.9 | AK17: 0.46 | AL17: 15.6 | AM17: 698.3 | AN17: 0.06 | AO17: 141.4 | AP17: 35.1 | AQ17: 176.5 | AR17: 555.6 | AS17: 32.1 | AT17: 4.41 | AU17: 46.5 | AV17: 2199.2 | AW17: 0.27 | AX17: 557.7 | AY17: 108.1 | AZ17: 665.8 | BA17: 27334740 | BB17: 824.7 | BC17: 99.3 | BD17: 3243016.4 | BE17: 133842.4 | BF17: 18.5 | BG17: 27384150 | BH17: 6995504 | BI17: 34379654 | BJ17: 0 | BK17: 0 | BL17: 27334740 | BM17: 30577756 | BN17: 34379654 | BO17: 30.32 | BP17: 14.65 | BQ17: 0 | BR17: 44.98 | BS17: 32.63 | BT17: 17.33 | BU17: 0 | BV17: 49.97 | BW17: 195567060 | BX17: 70044020 | BY17: 31446266 | BZ17: 2969367.5 | CA17: 0 | CB17: 372.2 | CC17: 65506452 | CD17: 0 | CE17: 34600.7 | CF17: 10572940 | CG17: 52122.2 | CH17: 580385.8 | CI17: 0 | CJ17: 16574269 | CK17: 0 | CL17: 0 | CM17: 44803720 | CN17: 8666030 | CO17: 1037590 | CP17: 13322934 | CQ17: 0 | CR17: 7595.8 | CS17: 0 | CT17: 84.8 | CU17: 486 | CV17: 0 | CW17: 0 | CX17: 5211.2 | CY17: 22554.4 | CZ17: 0 | DA17: 4118.3 | DB17: 7 | DC17: 3486 | DD17: 3937 | DE17: 160.5 | DF17: 1476.1 | DG17: 17497.7 | DH17: 0 | DI17: 4164 | DJ17: 0 | DK17: 44539.8 | DL17: 14761 | DM17: 0 | DN17: 0 | DO17: 0.23 | DP17: 0 | DQ17: 0.12 | DR17: 0
... A305: SRVCc | B305: 2050 | C305: 4.7691213e+08 | D305: 4.3537492e+08 | E305: 4.1972134e+08 | F305: 0 | G305: 37673450 | H305: 2.8068723e+08 | I305: 32802618 | J305: 4870829.5 | K305: 3863757.4 | L305: 0.0359 | M305: 0.054 | N305: 0.15 | O305: 87095.16 | P305: 100977.2 | Q305: 136 | R305: 5.7 | S305: 0.74 | T305: 15.6 | U305: 617.9 | V305: 0.11 | W305: 136.3 | X305: 32.9 | Y305: 169.3 | Z305: 168.6 | AA305: 7.1 | AB305: 0.92 | AC305: 18.9 | AD305: 764.4 | AE305: 0.13 | AF305: 169.1 | AG305: 40.3 | AH305: 209.4 | AI305: 254.8 | AJ305: 14 | AK305: 1.9 | AL305: 21.8 | AM305: 1040.7 | AN305: 0.12 | AO305: 255.7 | AP305: 50.9 | AQ305: 306.7 | AR305: 602.5 | AS305: 37.4 | AT305: 5.17 | AU305: 48.5 | AV305: 2315.1 | AW305: 0.29 | AX305: 605 | AY305: 113.4 | AZ305: 718.3 | BA305: 62902790 | BB305: 2625.4 | BC305: 340.8 | BD305: 7234232.3 | BE305: 286062 | BF305: 53.1 | BG305: 63066620 | BH305: 15258037 | BI305: 78324657 | BJ305: 0 | BK305: 0 | BL305: 62902790 | BM305: 70137022 | BN305: 78324657 | BO305: 32.23 | BP305: 15.99 | BQ305: 0.65 | BR305: 48.87 | BS305: 34.58 | BT305: 18.67 | BU305: 0.7 | BV305: 53.96 | BW305: 466444480 | BX305: 154687700 | BY305: 122300980 | BZ305: 14777366 | CA305: 0 | CB305: 9.9 | CC305: 133875600 | CD305: 0 | CE305: 509500.3 | CF305: 7072461 | CG305: 0 | CH305: 1262359.6 | CI305: 0 | CJ305: 26084540 | CK305: 10081297 | CL305: 0 | CM305: 98073370 | CN305: 20448490 | CO305: 3956685.2 | CP305: 28001818 | CQ305: 0 | CR305: 16720.7 | CS305: 0 | CT305: 272.1 | CU305: 5563.6 | CV305: 0 | CW305: 0 | CX305: 15251.8 | CY305: 23564.9 | CZ305: 0 | DA305: 16966.2 | DB305: 0 | DC305: 3524 | DD305: 15311.8 | DE305: 86.1 | DF305: 6677.6 | DG305: 47350 | DH305: 2959.9 | DI305: 7933.8 | DJ305: 0 | DK305: 117214.8 | DL305: 66775.9 | DM305: 0 | DN305: 0 | DO305: 0.02 | DP305: 0.7 | DQ305: 0.3 | DR305: 0
